round,iteration,correlation
,20,0.9942117767714626
,40,0.9963763614406678
,60,0.9965146543500892
,80,0.9967732019633554
,100,0.9968152911097009
0.0,0,0.9870513970080517
2.0,10,0.9954528885014693
3.0,14,0.9963974897076352
3.0,15,0.9964264315495819
5.0,16,0.9999999999999999
